{
  "0": {
    "cam_K": [368.86830824, 0.0, 431.64062723, 0.0, 331.27439351, 257.84582508, 0.0, 0.0, 1.0],
    "cam_R_w2c": [1.0, 0.0, 0.0, 0.0, 1.0, 0.0, 0.0, 0.0, 1.0],
    "cam_t_w2c": [0.0, 0.0, 0.0],
    "depth_scale": 1.0
  }
} 